﻿{"cameraMode":{"drawMode":0,"name":"Shaded","section":"Shading Mode"},"sceneLighting":true,"audioPlay":false,"sceneViewState":{"showFog":true,"showMaterialUpdate":false,"showSkybox":true,"showFlares":true,"showImageEffects":true,"showParticleSystems":true},"in2DMode":false,"pivot":{"x":-6.65357780456543,"y":-1.5530695915222169,"z":-1.766913652420044},"rotation":{"x":-0.06473856419324875,"y":0.8246006369590759,"z":-0.09641832858324051,"w":-0.5536662340164185},"size":8.943246841430664,"orthographic":false}